N,rectangle_time,rectangle_error,montecarlo_time,montecarlo_error
100,8.79169,0.01505,31,0.0298164
200,11.1312,0.0075125,48.7436,0.00712115
300,22.6498,0.00500556,83.6216,0.0159127
400,22.2605,0.00375312,97.502,0.0111697
500,37.9514,0.003002,138.067,0.00926191
600,39.8215,0.00250139,165.524,0.00282065
700,48.5722,0.00214388,192.106,0.00899062
800,67.303,0.00187578,227.557,0.00371957
900,67.8618,0.00166728,256.419,0.00421656
1000,75.4632,0.0015005,276.908,0.0042817
1100,76.3424,0.00136405,304.22,0.00208937
1200,83.5322,0.00125035,328.332,0.00204481
1300,107.294,0.00115414,376.973,0.00312412
1400,97.7237,0.00107168,381.945,0.00428491
1500,105.293,0.00100022,417.005,0.00621799
1600,87.9131,0.000937695,398.794,0.00198322
1700,117.755,0.000882526,474.147,0.00949901
1800,134.524,0.000833488,523.098,0.00509329
1900,142.684,0.000789612,529.407,0.00646722
2000,146.555,0.000750125,565.361,0.00213058
2100,152.927,0.000714399,584.241,0.00755686
2200,170.397,0.000681921,604.551,0.00240573
2300,165.097,0.000652268,649.692,0.0013844
2400,169.566,0.000625087,670.454,0.00025396
2500,176.426,0.00060008,689.644,0.00627559
2600,190.996,0.000576997,722.356,0.00129332
2700,191.137,0.000555624,765.136,0.00350895
2800,209.028,0.000535778,784.347,0.00211759
2900,234.308,0.000517301,888.871,0.00305358
3000,214.167,0.000500056,832.759,0.000522015
3100,229.329,0.000483923,873.152,0.00328235
3200,231.508,0.000468799,895.94,0.00155466
3300,245.139,0.000454591,882.05,0.0081124
3400,234.678,0.00044122,982.674,0.00235884
3500,270.899,0.000428612,991.834,0.00350426
3600,276.079,0.000416705,1061.45,0.00508248
3700,284.329,0.000405442,1204.15,0.00836321
3800,292.111,0.000394771,1223.46,0.00781024
3900,288.149,0.000384648,1159.99,0.00408351
4000,312.682,0.000375031,1120.37,0.00603343
4100,336.882,0.000365883,1187.34,0.00178583
4200,301.031,0.000357171,1193.46,0.00198817
4300,337.912,0.000348864,1214.4,0.000721166
4400,344.332,0.000340935,1235.7,0.00292341
4500,365.524,0.000333358,1576.78,0.00200251
4600,340.432,0.000326111,1316.53,0.00107645
4700,368.981,0.000319172,1352.88,0.00248695
4800,388.814,0.000312522,1375.67,0.00425016
4900,411.576,0.000306143,1397.82,0.0013512
5000,402.613,0.00030002,1651.92,0.00209405
5100,385.001,0.000294137,1454.11,0.00377644
5200,399.183,0.00028848,1550.11,0.00107741
5300,407.243,0.000283037,1541.13,0.00596092
5400,453.325,0.000277795,1565.08,0.0014087
5500,430.375,0.000272744,1646.09,0.00270703
5600,438.625,0.000267873,1612.12,0.00255595
5700,452.153,0.000263173,1619.2,0.000999285
5800,490.816,0.000258636,1664.72,0.000478318
5900,495.786,0.000254252,1687.13,0.00213442
6000,470.094,0.000250014,1706.66,0.000783645
6100,514.898,0.000245915,1938.61,0.00304255
6200,502.449,0.000241948,1860.79,0.00113752
6300,504.317,0.000238108,1815.4,0.00128419
6400,483.658,0.000234387,1833.44,0.0025501
6500,528.639,0.000230781,1865.19,0.00467185
6600,547.457,0.000227284,1941.32,0.00073614
6700,512.168,0.000223892,1976.77,0.00123695
6800,575.559,0.000220599,1917.89,0.00275024
6900,527.568,0.000217402,2020.23,0.00102831
7000,560.01,0.000214296,2089.37,0.00129915
7100,553.969,0.000211278,2143,0.00347743
7200,527.33,0.000208343,2043.13,0.00684822
7300,599.502,0.000205489,2092.34,0.00347771
7400,609.18,0.000202712,2078.51,0.00222311
7500,633.592,0.000200009,2226.23,0.00270064
7600,633.631,0.000197377,2180.34,0.00372862
7700,638.502,0.000194814,2273.46,0.00350099
7800,612.263,0.000192316,2269.63,0.0022832
7900,661.762,0.000189881,2571.95,0.00525452
8000,613.963,0.000187508,7985.18,0.00163855
8100,629.641,0.000185193,2323.78,0.00257831
8200,690.075,0.000182934,2314.65,0.00148039
8300,691.313,0.00018073,2648.77,0.00195766
8400,675.984,0.000178579,2485.08,0.00544075
8500,712.633,0.000176478,2455.96,0.000753879
8600,694.703,0.000174425,2470.42,0.0017066
8700,732.375,0.00017242,2506.23,0.00112452
8800,724.254,0.000170461,2595.31,0.00115243
8900,725.424,0.000168546,2682.18,0.0019953
9000,730.034,0.000166673,2618.1,0.00120972
9100,751.577,0.000164841,2727.37,0.00207227
9200,712.397,0.000163049,2676.41,0.000111308
9300,740.694,0.000161296,3019.91,0.00285365
9400,786.657,0.00015958,2715.38,0.000950759
9500,749.907,0.0001579,2802.3,0.000201312
9600,778.358,0.000156255,3194.95,0.00288264
9700,818.079,0.000154644,2882.87,0.00159036
9800,811.698,0.000153066,3143.05,0.000575699
9900,767.687,0.00015152,2921.6,0.00180054
10000,777.667,0.000150005,3004.98,0.00209122
10100,841.698,0.00014852,3398.73,0.00181989
10200,806.948,0.000147064,2961.15,0.00283419
10300,839.319,0.000145636,3355.53,0.000359153
10400,844.721,0.000144235,3223.9,0.00214041
10500,845.589,0.000142862,3145.78,0.00294488
10600,868.57,0.000141514,3190.27,0.0032373
10700,820.689,0.000140191,3121.37,0.00144765
10800,871.64,0.000138893,3494.88,0.00171783
10900,863.5,0.000137619,3329.01,0.00226567
11000,893.442,0.000136368,3312.83,4.38772e-05
11100,928.722,0.000135139,3360.55,0.00185358
11200,881.141,0.000133933,3304.52,0.00135359
11300,896.5,0.000132747,3729.26,0.00286133
11400,957.783,0.000131583,3752.79,0.0016934
11500,915.423,0.000130439,3642.92,0.00188052
11600,931.142,0.000129314,3479.85,0.00301737
11700,768.326,0.000128209,3165.5,0.00190464
11800,921.611,0.000127122,3772.26,0.000521022
11900,942.253,0.000126054,3901.36,0.00301693
12000,973.364,0.000125003,3641.02,0.00370747
12100,927.392,0.00012397,3726.54,0.00305615
12200,962.295,0.000122954,3752.41,0.002441
12300,973.584,0.000121955,3729.61,0.000294766
12400,975.505,0.000120971,3843.25,0.00224952
12500,990.365,0.000120003,3829.48,0.000279118
12600,1006.36,0.000119051,4044.97,0.000225462
12700,1008.96,0.000118113,4165.52,0.00257748
12800,1037.63,0.000117191,4173.25,0.000894813
12900,1031.17,0.000116282,4070.06,0.00148534
13000,744.006,0.000115388,3773.79,0.000839252
13100,1031.01,0.000114507,4266.63,0.00104328
13200,1047.32,0.000113639,4450.8,0.00245178
13300,1044.74,0.000112785,4356.09,0.000693893
13400,1045.83,0.000111943,4364.54,0.000137053
13500,1057.13,0.000111114,4379.52,0.00233146
13600,1070.81,0.000110297,4437.51,0.00308401
13700,1172.93,0.000109492,4495.16,0.0015855
13800,1123.79,0.000108698,4489.21,0.000675687
13900,1105.61,0.000107916,4586.4,0.000772373
14000,1105.58,0.000107145,4583.81,0.00375233
14100,1135.67,0.000106385,4592.69,0.000382991
14200,1116.6,0.000105636,4652.47,0.00147827
14300,1121.83,0.000104898,4706.47,0.00163842
14400,1145.9,0.000104169,4723.03,0.00185248
14500,1151.97,0.000103451,4751.88,0.00093398
14600,1160.84,0.000102742,4840.83,0.00144355
14700,1167.4,0.000102043,4807.23,0.00160528
14800,1165.35,0.000101354,4842.22,0.000258478
14900,1191.28,0.000100673,4901.44,0.00242176
15000,1189.87,0.000100002,4930.8,0.00380223
15100,1194.34,9.93399e-05,4943.28,0.000727589
15200,1211.91,9.86864e-05,5108.23,0.00175212
15300,1203.25,9.80414e-05,5020.01,0.00160931
15400,1211.65,9.74047e-05,5063.96,0.000715003
15500,1223.95,9.67763e-05,5066.84,0.0017294
15600,1235.87,9.61559e-05,5160.05,0.00146678
15700,1249.07,9.55434e-05,5180.77,0.001241
15800,1255.66,9.49387e-05,5165.98,0.00242566
15900,1242.69,9.43416e-05,5180.59,0.00283494
16000,1260.62,9.3752e-05,5216.52,0.00129575
16100,1271.86,9.31696e-05,5285.78,0.00082154
16200,1284.71,9.25945e-05,5280.65,0.00143233
16300,1285.55,9.20264e-05,5314.21,0.00164952
16400,1287.6,9.14653e-05,5378.15,0.000426083
16500,1303.53,9.09109e-05,5413.03,0.00161164
16600,1321.81,9.03633e-05,5406.9,0.00334894
16700,1324.85,8.98222e-05,5438.01,0.00183088
16800,1320.29,8.92875e-05,5483.06,0.00190176
16900,1335.73,8.87591e-05,5520.77,0.00124808
17000,1342.05,8.8237e-05,5547.98,0.000742467
17100,1349.74,8.7721e-05,5572.22,0.000333823
17200,1351.83,8.7211e-05,5594.73,0.000307105
17300,1369.4,8.67069e-05,5654.14,0.000923869
17400,1372.22,8.62085e-05,5702.04,0.00303752
17500,1371.73,8.57159e-05,5712.48,0.000788399
17600,1389.9,8.52289e-05,5770.9,0.00132508
17700,1399.23,8.47474e-05,5787.95,0.000548446
17800,1397.62,8.42712e-05,5815.52,0.00105937
17900,1416.65,8.38004e-05,5852.03,0.00255971
18000,1420.03,8.33349e-05,5889.37,0.000864739
18100,1423.36,8.28745e-05,5890.46,0.00178655
18200,1434.49,8.24191e-05,5936.88,0.00053613
18300,1444.47,8.19687e-05,6023.45,0.00065593
18400,1459.58,8.15232e-05,6005.67,0.00194679
18500,1463.17,8.10825e-05,6026.96,0.000883867
18600,1466.61,8.06466e-05,6087.5,0.0042463
18700,1478.1,8.02153e-05,6104.31,0.0012366
18800,1482.37,7.97886e-05,6129.02,0.00045661
18900,1491.28,7.93665e-05,6194.35,0.00104116
19000,1503.03,7.89488e-05,6189.84,0.001014
19100,1480.66,7.85354e-05,6198.03,0.000550435
19200,1516.05,7.81264e-05,6276.33,0.00388987
19300,1517.9,7.77215e-05,6322.23,0.000401441
19400,1512.58,7.73209e-05,5861.63,0.000708218
19500,1553.33,7.69244e-05,6395.02,0.00207793
19600,1547.24,7.65319e-05,6417.92,0.000480282
19700,1546.59,7.61434e-05,6443.3,0.00103199
19800,1558.09,7.57589e-05,6474.22,0.00327103
19900,1574.94,7.53781e-05,6541.15,0.00183317
20000,1575.18,7.50013e-05,6514.52,0.00247622
20100,1579.48,7.46281e-05,6547.19,0.00305898
20200,1596.64,7.42587e-05,6601.04,0.000964374
20300,1592.33,7.38928e-05,6630.31,0.000752281
20400,1614.8,7.35306e-05,6705.66,0.000171056
20500,1629.21,7.31719e-05,6709.68,0.00151117
20600,1618.19,7.28167e-05,6733.67,0.000856785
20700,1637.97,7.24649e-05,6782.11,0.00107871
20800,1635,7.21165e-05,6775.77,0.00138356
20900,1608.27,7.17715e-05,6822.04,0.000960123
21000,1656.86,7.14297e-05,6985.51,0.000759995
21100,1661.04,7.10912e-05,6915.31,0.00211989
21200,1672.59,7.07558e-05,6939.8,0.000604273
21300,1676.8,7.04236e-05,6982.42,0.000207061
21400,1679.5,7.00945e-05,7033.83,0.000651953
21500,1695.82,6.97685e-05,7029.53,0.000504154
21600,1712.03,6.94455e-05,7087.52,0.00108685
21700,1722.23,6.91255e-05,7095.8,0.00237498
21800,1719.87,6.88084e-05,7126.2,0.000855668
21900,1895.65,6.84942e-05,7168.6,0.00166308
22000,1733.27,6.81829e-05,7188.53,0.00305785
22100,1742.11,6.78743e-05,7223.47,0.00114509
22200,1755.41,6.75686e-05,7310.72,0.0010809
22300,1757.12,6.72656e-05,7276.24,0.00141356
22400,1770.95,6.69653e-05,7352.27,0.000887098
22500,1770.1,6.66677e-05,7330.73,0.0010308
22600,1788.01,6.63727e-05,7438.17,0.00248279
22700,1786.38,6.60803e-05,7431.21,0.000879775
22800,1790.09,6.57904e-05,7446.06,0.0018071
22900,1799.39,6.55031e-05,7655.37,0.000979102
23000,1820.65,6.52183e-05,7527.15,0.00144171
23100,1822.71,6.4936e-05,7573.92,0.00233433
23200,1835.07,6.46561e-05,7571.26,0.00324324
23300,2025.02,6.43786e-05,8041.09,0.000764663
23400,1850.8,6.41035e-05,7639.13,0.00269092
23500,1861.45,6.38307e-05,7704.52,0.000868925
23600,1875.64,6.35602e-05,7701.6,0.000709625
23700,1864.98,6.3292e-05,7741.03,0.00069268
23800,1881.9,6.30261e-05,7776.9,0.00180861
23900,1890.2,6.27624e-05,7804.2,0.00200041
24000,1899.91,6.25009e-05,8137.94,0.000795986
24100,1896.5,6.22415e-05,7863.23,0.00236367
24200,1903.89,6.19843e-05,7907.55,0.000576492
24300,1917.03,6.17292e-05,7912.05,0.00159489
24400,1938.22,6.14762e-05,8004.17,0.00183638
24500,1943.3,6.12253e-05,7981.51,0.000868783
24600,1935.44,6.09764e-05,8042.64,0.00126278
24700,1945.09,6.07296e-05,8074.45,0.000139977
24800,1952.17,6.04847e-05,8095.44,0.00289558
24900,1963.18,6.02418e-05,8104.69,0.000832673
25000,1969.33,6.00008e-05,8146.33,0.00171772
25100,1978.78,5.97617e-05,8206.83,0.00222883
25200,1989.81,5.95246e-05,8236.9,0.0008555
25300,2004.77,5.92893e-05,8285.78,0.000500556
25400,2012.22,5.90559e-05,8300.47,0.000971266
25500,2024.65,5.88243e-05,8335.88,0.00155752
25600,2013.71,5.85945e-05,8346.22,0.000179267
25700,2022.7,5.83665e-05,8798.71,0.000937526
25800,2000.71,5.81403e-05,8421.28,0.00114909
25900,2043.27,5.79158e-05,8498.77,0.00107345
26000,2086.58,5.7693e-05,8547.96,0.00286556
26100,2050.9,5.7472e-05,8533,0.00111353
26200,2066.04,5.72526e-05,8583.89,0.000485898
26300,2071.36,5.70349e-05,8343.14,0.00108797
26400,2080.83,5.68189e-05,8613.84,0.00212857
26500,2088.64,5.66045e-05,8677.14,0.00226901
26600,2163.65,5.63917e-05,8731.62,0.000226554
26700,2130.51,5.61805e-05,8702.86,0.00078996
26800,2115.2,5.59708e-05,8716.1,0.00240956
26900,2130.92,5.57628e-05,8783.28,0.000585214
27000,2125.11,5.55562e-05,8793.77,0.00114955
27100,2141.86,5.53512e-05,8833.66,0.00139242
27200,2145.96,5.51477e-05,8900.15,0.000710146
27300,2141.7,5.49457e-05,8935.52,0.000316335
27400,2162.88,5.47452e-05,8936.5,0.000426532
27500,2162.4,5.45461e-05,8998.33,0.000699781
27600,2176.75,5.43485e-05,9026.07,0.00256047
27700,2189.14,5.41523e-05,9050.72,0.000935015
27800,2434.51,5.39575e-05,9143.95,0.00167008
27900,2205.23,5.37641e-05,9079.07,0.0017499
28000,2204.44,5.35721e-05,9150.67,0.000314847
28100,2210.78,5.33814e-05,9155.62,0.00120039
28200,2217.18,5.31921e-05,9254.48,0.000486076
28300,2244.27,5.30042e-05,9287.79,0.00105224
28400,2233.64,5.28175e-05,9297.48,0.000316186
28500,2241.27,5.26322e-05,9329.43,0.000444947
28600,2270.26,5.24482e-05,9349.85,0.00198642
28700,2287,5.22654e-05,9522.49,0.00173279
28800,2268.77,5.20839e-05,9402.65,0.000379014
28900,2279.72,5.19037e-05,9451.12,0.000257145
29000,2290.82,5.17247e-05,9497.59,0.000668071
29100,2293.04,5.1547e-05,9514.92,0.000892649
29200,2301.67,5.13704e-05,9512.23,0.000571179
29300,2301.45,5.11951e-05,9574.23,0.00110854
29400,2316.46,5.1021e-05,9604.81,0.000802219
29500,2323.78,5.0848e-05,9622.21,0.00144885
29600,2329.17,5.06762e-05,9667.59,0.00100969
29700,2337.94,5.05056e-05,9704.02,0.000195384
29800,2351.04,5.03361e-05,9729.97,0.00215008
29900,2371.9,5.01678e-05,9766.91,0.00122973
30000,2368.71,5.00006e-05,9798.53,0.000927904
30100,2380.12,4.98344e-05,9827.55,0.00208369
30200,2394.13,4.96694e-05,9878.32,0.0013829
30300,2383.65,4.95055e-05,9930.44,0.0011337
30400,2406.19,4.93426e-05,9974.27,0.00172336
30500,2417.42,4.91809e-05,9951.83,0.000982686
30600,2422.66,4.90201e-05,9981.09,0.000798876
30700,2411.35,4.88605e-05,10086.7,0.00130057
30800,2427.84,4.87018e-05,10065.9,0.00193572
30900,2431.05,4.85442e-05,10113.6,0.00111874
31000,2444.46,4.83876e-05,10128.9,0.00244943
31100,2460.28,4.8232e-05,10188.3,0.000796259
31200,2465.68,4.80774e-05,10199.1,0.00217192
31300,2476.13,4.79238e-05,10215.4,0.000854989
31400,2468.17,4.77712e-05,10256.3,0.000945022
31500,2510.91,4.76196e-05,10304.1,0.00175604
31600,2477,4.74689e-05,10321.6,0.000302299
31700,2509.04,4.73191e-05,10366.4,0.000840668
31800,2494.71,4.71703e-05,10376.2,0.000824198
31900,2531.47,4.70224e-05,10422.5,0.000367446
32000,2520.87,4.68755e-05,10447.7,0.00119552
32100,2522.33,4.67295e-05,10497.2,0.000376089
32200,2560.79,4.65843e-05,10508.1,0.000948899
32300,2549.39,4.64401e-05,10564.6,0.00120756
32400,2553.8,4.62968e-05,10554.4,0.000393526
32500,2553.78,4.61543e-05,10590.2,0.000858605
32600,2562.58,4.60127e-05,10668.2,0.000737046
32700,2582.12,4.5872e-05,10711.8,0.000571481
32800,2603.89,4.57322e-05,10860.6,0.000649293
32900,2594.99,4.55932e-05,10934.3,0.0021465
33000,2592.74,4.5455e-05,10777.4,0.00144809
33100,2609.16,4.53177e-05,10801,0.000655653
33200,2626.02,4.51812e-05,10849.1,0.000440265
33300,2625.09,4.50455e-05,10885.6,0.0011
33400,2631.87,4.49106e-05,10881.9,0.000560065
33500,2640.92,4.47766e-05,10936,0.000454268
33600,2638.71,4.46433e-05,10965.2,0.000496921
33700,2651.29,4.45108e-05,11007.4,0.00100928
33800,2655.28,4.43791e-05,11055.8,0.00286416
33900,2666.15,4.42482e-05,11071.2,0.000265553
34000,2690.91,4.41181e-05,11088,0.00129933
34100,2682.41,4.39887e-05,11109.2,0.000449701
34200,2698.17,4.38601e-05,11183.4,0.000408864
34300,2719.2,4.37322e-05,11225.8,0.00256057
34400,2712.64,4.36051e-05,11221.1,0.00069288
34500,2715.6,4.34787e-05,11236.4,0.00168236
34600,2731.35,4.3353e-05,11264.4,0.00061431
34700,2731.57,4.32281e-05,11312.5,0.00282341
34800,2739.06,4.31039e-05,11340,0.00164445
34900,2733.82,4.29804e-05,11805,0.000916008
35000,2750.89,4.28576e-05,11436.2,0.00139907
35100,2758.8,4.27354e-05,11463.6,0.0012005
35200,2796.15,4.2614e-05,11471.3,0.000338642
35300,2779.9,4.24933e-05,11561.4,0.000746947
35400,2731.25,4.23733e-05,11616.7,0.00147596
35500,2807.52,4.22539e-05,11569.1,7.84426e-05
35600,2801.49,4.21352e-05,11602,0.00265017
35700,3008.92,4.20172e-05,11864.9,0.00066238
35800,2821.11,4.18998e-05,11687.7,0.00101978
35900,2842.61,4.17831e-05,11717.5,0.000413688
36000,2845.53,4.16671e-05,11740.8,0.00149569
36100,2838.59,4.15516e-05,11771.9,0.000951579
36200,2861.21,4.14368e-05,11815.1,0.00231336
36300,2844.69,4.13227e-05,11850.3,0.00256815
36400,2860.35,4.12092e-05,11861.7,0.000768162
36500,2877.08,4.10963e-05,11892.5,0.00072672
36600,2898.27,4.0984e-05,11970.5,0.000478453
36700,2876.59,4.08723e-05,11992.3,0.000690655
36800,2868.84,4.07612e-05,11992.1,0.00272184
36900,2917,4.06508e-05,12031.8,0.00143114
37000,2906.85,4.05409e-05,12062.8,0.00105185
37100,2918.91,4.04316e-05,12117.8,0.00094692
37200,2923.21,4.03229e-05,12147.1,0.00133508
37300,2935.17,4.02148e-05,12179,0.000763511
37400,2957.23,4.01073e-05,12207.2,0.00257235
37500,3205.98,4.00004e-05,12269.6,0.000908928
37600,2946.38,3.9894e-05,12327.8,0.000959075
37700,2990.64,3.97882e-05,12305.9,0.000349158
37800,2970.24,3.96829e-05,12347.8,0.000264496
37900,2973.94,3.95782e-05,12433.2,0.000531463
38000,2990,3.9474e-05,12430.7,0.00295375
38100,3081.33,3.93704e-05,12487.7,0.00045384
38200,3007.22,3.92674e-05,12488.8,0.000359837
38300,3034.74,3.91648e-05,12481.5,0.000539018
38400,3037.27,3.90628e-05,12529.2,0.000799199
38500,3036.05,3.89614e-05,12576.2,0.00065229
38600,3050.83,3.88604e-05,12613.1,0.00149899
38700,3051.1,3.876e-05,12636.8,0.001438
38800,3049.26,3.86601e-05,12654,0.000485535
38900,3066.71,3.85607e-05,12767.2,0.000787448
39000,3084.47,3.84619e-05,12741.9,0.000396737
39100,3094.72,3.83635e-05,12763.3,0.000280161
39200,3099.31,3.82656e-05,12794.6,0.0012201
39300,3106.81,3.81683e-05,12843.3,0.000913594
39400,3112.97,3.80714e-05,12906.6,0.000485087
39500,3114.76,3.7975e-05,12913.8,0.000842023
39600,3120.9,3.78791e-05,12965.5,0.00103135
39700,3125.97,3.77837e-05,12983.2,0.000699648
39800,3132.67,3.76888e-05,12991.5,0.000501768
39900,3154.71,3.75943e-05,13034.2,2.41224e-05
40000,3147.74,3.75003e-05,13071.6,0.0010358
40100,3156.65,3.74068e-05,13104.9,0.000100437
40200,3164.3,3.73137e-05,13144.2,0.000835973
40300,3188.44,3.72212e-05,13132.9,0.00148765
40400,3211.05,3.7129e-05,13245.2,0.00125793
40500,3178.37,3.70373e-05,13221.9,0.00180917
40600,3199.27,3.69461e-05,13268.2,0.00058701
40700,3242.44,3.68553e-05,13297.1,0.00179751
40800,3226.01,3.6765e-05,13360.5,0.00112032
40900,3232.27,3.66751e-05,13532.7,0.000420977
41000,3255.3,3.65857e-05,13576,0.00254123
41100,3249.71,3.64966e-05,13423.6,0.00109585
41200,3254.99,3.64081e-05,13463.5,0.000914936
41300,3249.17,3.63199e-05,13525.8,0.000285565
41400,3253.83,3.62322e-05,13517.1,0.000696363
41500,3274.04,3.61449e-05,13579.7,0.00125387
41600,3267.12,3.6058e-05,13600.7,0.000438531
41700,3289.13,3.59715e-05,13601.4,0.00179457
41800,3307.16,3.58855e-05,13668.3,0.000245542
41900,3301.44,3.57998e-05,13688.3,0.000583176
42000,3307.41,3.57146e-05,13761.2,0.000667324
42100,3331.85,3.56297e-05,13772.6,0.000696308
42200,3363.19,3.55453e-05,13739.2,0.00272625
42300,3335.71,3.54613e-05,13824.1,0.00103776
42400,3356.46,3.53776e-05,13852.1,0.00199862
42500,3336.43,3.52944e-05,13898.1,0.00074103
42600,3377,3.52115e-05,13894.8,0.000752608
42700,3355.04,3.51291e-05,13946.2,0.000399776
42800,3377.24,3.5047e-05,13992.9,0.000219072
42900,3416.98,3.49653e-05,14166.5,0.0007104
43000,3414.36,3.4884e-05,14048.8,0.000171694
43100,3388.59,3.48031e-05,14099.4,0.000708828
43200,3396.24,3.47225e-05,14106.9,0.000280378
43300,3431.9,3.46423e-05,14138.4,0.00126079
43400,4010.24,3.45625e-05,14434.3,0.00192804
43500,3417.6,3.4483e-05,14189.2,0.000569834
43600,3436.43,3.44039e-05,14293.8,0.00123556
43700,3452.83,3.43252e-05,14260.1,0.00141068
43800,3453.49,3.42468e-05,14318.3,0.00125828
43900,3454.27,3.41688e-05,14365.9,0.00098698
44000,3474.43,3.40912e-05,14362.4,0.00143536
44100,4038.35,3.40139e-05,14397.5,0.000482829
44200,3499.65,3.39369e-05,14431.1,0.00139515
44300,3513.23,3.38603e-05,14492.7,0.000223122
44400,3486.72,3.3784e-05,14476.3,0.000183455
44500,3509.59,3.37081e-05,14540.8,0.000575756
44600,3523.83,3.36325e-05,14544.1,0.00154705
44700,3528.93,3.35573e-05,14572.8,0.00139307
44800,3525.67,3.34824e-05,14598.7,0.00301076
44900,3534.81,3.34078e-05,14652.7,0.000322909
45000,3536.33,3.33336e-05,14699.1,0.001316
45100,3547.29,3.32597e-05,14738,0.000952864
45200,3570.03,3.31861e-05,14783.7,0.000972965
45300,3577.33,3.31128e-05,14796.5,0.000575179
45400,3579.22,3.30399e-05,14810.6,0.000161274
45500,3589.63,3.29673e-05,14895.9,0.00151485
45600,3589.05,3.2895e-05,14872.9,0.00072238
45700,3593.55,3.2823e-05,14926.8,0.00107379
45800,3604.86,3.27513e-05,14950.5,0.00133905
45900,3642.57,3.268e-05,15148.1,0.0011931
46000,3615.9,3.26089e-05,15073,0.00123904
46100,3631.71,3.25382e-05,15057.3,0.00100647
46200,3638.05,3.24678e-05,15104.1,0.000976246
46300,3643,3.23976e-05,15125.7,0.0016365
46400,6580.06,3.23278e-05,30092.1,0.000690504
46500,3650.34,3.22583e-05,15215.4,0.000481473
46600,3669.17,3.21891e-05,15210.1,0.000277239
46700,3679.14,3.21201e-05,15285.7,0.00141965
46800,3696.14,3.20515e-05,15258,0.00145752
46900,3710.37,3.19832e-05,15368,0.000694463
47000,3693.38,3.19151e-05,15355,0.00130402
47100,3711.78,3.18474e-05,15377.6,0.000379922
47200,3725.14,3.17799e-05,15439,0.00053032
47300,3741.61,3.17127e-05,15466.3,0.00236088
47400,3735.52,3.16458e-05,15458.4,0.000454447
47500,3734.43,3.15792e-05,15528.2,0.000272818
47600,3769.99,3.15128e-05,15647.8,0.00072949
47700,3737.55,3.14468e-05,15590.9,0.00297501
47800,3779.87,3.1381e-05,15604.9,0.00080982
47900,3773.47,3.13155e-05,15615.8,0.00037167
48000,3777.29,3.12502e-05,15649.1,0.000975082
48100,3792.84,3.11852e-05,15711.9,0.000864587
48200,6795.99,3.11205e-05,30783.5,0.000883875
48300,3801.82,3.10561e-05,15808,0.0010268
48400,3820.21,3.09919e-05,15803,0.000791753
48500,3808.64,3.0928e-05,15828.7,0.000862135
48600,3823.25,3.08644e-05,15863.1,0.000597016
48700,3835.38,3.0801e-05,15905.4,0.000651839
48800,3847.56,3.07379e-05,15904.1,0.000775857
48900,3846.9,3.06751e-05,15981.6,0.00179334
49000,3854.46,3.06125e-05,16014.2,0.00074103
49100,3857.21,3.05501e-05,16006.2,0.0010425
49200,3867.9,3.0488e-05,16072.6,0.000770036
49300,3904.13,3.04262e-05,16174.4,6.38928e-05
49400,3882.78,3.03646e-05,16109.1,0.000697371
49500,3893.51,3.03032e-05,16158.4,0.00211951
49600,3895.23,3.02421e-05,16178.6,0.00230296
49700,3913.34,3.01813e-05,16210.4,0.00196481
49800,3907.76,3.01207e-05,16313.4,0.00117427
49900,4079.1,3.00603e-05,16319.7,0.00204171
50000,3934.49,3.00002e-05,16304.1,0.00154806
50100,3985.38,2.99403e-05,16398.9,0.00011779
50200,3964.33,2.98807e-05,16413,0.000133691
50300,3975.15,2.98213e-05,16440.1,0.000900586
50400,3963.47,2.97621e-05,16483,0.000826953
50500,3991.71,2.97032e-05,16499.9,0.00211839
50600,3972.88,2.96445e-05,16514.4,0.000521981
50700,4001.47,2.9586e-05,16550.9,0.00174953
50800,3996.53,2.95278e-05,16571.5,0.00085155
50900,4005.94,2.94697e-05,16587.8,0.000631677
51000,4010.99,2.9412e-05,16673.6,0.000342547
51100,4022.8,2.93544e-05,16654.7,0.000500065
51200,4023.17,2.92971e-05,16697.6,0.00111143
51300,4034.48,2.924e-05,16743.8,0.00194502
51400,4043.37,2.91831e-05,16800.3,0.000643627
51500,4051.73,2.91264e-05,16736.1,0.000502788
51600,4077.71,2.907e-05,16818.2,0.000794815
51700,4071.24,2.90137e-05,16845.5,0.000347334
51800,4073.68,2.89577e-05,16909,0.00110777
51900,4076.09,2.89019e-05,16910.8,0.00038107
52000,4107.78,2.88463e-05,16938.4,0.00155877
52100,4129.57,2.8791e-05,16995.2,0.000544015
52200,4105.47,2.87358e-05,17035.7,0.00120546
52300,4132.81,2.86809e-05,17101.9,0.00148452
52400,4160.39,2.86261e-05,17090.1,0.000171255
52500,4131.41,2.85716e-05,17102.2,9.97283e-05
52600,7047.74,2.85173e-05,30318.3,0.000291785
52700,4180.18,2.84632e-05,17182.8,0.000819992
52800,4151.85,2.84093e-05,17306.4,0.00190648
52900,4162.8,2.83556e-05,17273.5,0.000356053
53000,4163.71,2.83021e-05,17249.9,0.000406005
53100,4194.51,2.82488e-05,17305.8,0.000334398
53200,4191.61,2.81957e-05,17334.7,0.000413308
53300,4186.96,2.81428e-05,17375.8,0.000269641
53400,4193.17,2.80901e-05,17423,0.00203164
53500,4231.77,2.80376e-05,17543.2,0.000961257
53600,4218.7,2.79852e-05,17462,0.000200523
53700,4218.06,2.79331e-05,17542.9,0.00138758
53800,4236.13,2.78812e-05,17526.9,0.00129619
53900,4240.64,2.78295e-05,17571.6,0.00038269
54000,4278.56,2.77779e-05,17604.6,0.000455747
54100,4274.91,2.77266e-05,17778.5,0.000455765
54200,4297.13,2.76754e-05,17708,0.00146942
54300,4315.38,2.76245e-05,17713.2,0.000176043
54400,4276.13,2.75737e-05,17723,0.00041664
54500,4310.09,2.75231e-05,17761.6,0.00141723
54600,4307.71,2.74727e-05,17814.6,0.000544865
54700,4334.41,2.74225e-05,17801.3,0.000744077
54800,4298.96,2.73724e-05,17877.7,8.9773e-05
54900,4319.45,2.73226e-05,17917.4,0.000894759
55000,4318.27,2.72729e-05,17921.5,0.00129249
55100,4365.09,2.72234e-05,18218.4,0.00152805
55200,4332.97,2.71741e-05,17988.5,0.00063627
55300,4350.03,2.71249e-05,18052.6,0.00118885
55400,4382.91,2.7076e-05,18047.8,0.00113422
55500,4362.95,2.70272e-05,18155.4,0.000475282
55600,4359.69,2.69786e-05,18154.3,0.000241322
55700,4364.03,2.69301e-05,18170.6,0.000606947
55800,4380.63,2.68819e-05,18194,0.00182793
55900,4417.86,2.68338e-05,18226.1,0.000297513
56000,4401.36,2.67859e-05,18284.4,0.000109962
56100,4435.08,2.67381e-05,18302.1,0.00101203
56200,4408.91,2.66905e-05,18304.9,0.000131406
56300,4441.35,2.66431e-05,18341.5,0.00112123
56400,4464.7,2.65959e-05,18392.2,0.000814396
56500,4467.9,2.65488e-05,18427.1,0.000611612
56600,4440.04,2.65019e-05,18473,0.0015665
56700,4463.56,2.64552e-05,18497.7,0.000462654
56800,4486.46,2.64086e-05,18498.4,0.00177871
56900,4489.6,2.63622e-05,18543.7,0.000276891
57000,4499.33,2.63159e-05,18596.4,0.00052548
57100,4484.77,2.62699e-05,18640.6,0.00096349
57200,4494.29,2.62239e-05,18693.8,0.000474852
57300,4504.24,2.61782e-05,18696.9,0.000597977
57400,4506.19,2.61326e-05,18729,0.00122535
57500,4520.05,2.60871e-05,18746.3,0.000538243
57600,4537.64,2.60418e-05,18747.9,0.00127914
57700,4539.48,2.59967e-05,18850,0.00103536
57800,4566.47,2.59517e-05,18844.6,0.000783612
57900,4556.25,2.59069e-05,18860.5,0.000927199
58000,4592.51,2.58622e-05,18934,0.0021365
58100,4587.44,2.58177e-05,18968.4,0.000843777
58200,4580.47,2.57733e-05,18943.5,0.00111013
58300,4614.42,2.57291e-05,19010.8,0.00119252
58400,4586.84,2.56851e-05,19067.1,0.000378952
58500,4778.35,2.56412e-05,19109.6,0.000388455
58600,4601.84,2.55974e-05,19087.1,0.000582425
58700,4625.47,2.55538e-05,19179.5,0.00210652
58800,4634.84,2.55103e-05,19155.4,0.000254074
58900,4656.33,2.5467e-05,19220.3,0.0018039
59000,4667.25,2.54239e-05,19251.1,0.00178061
59100,4653,2.53809e-05,19269.4,0.00157382
59200,4666.9,2.5338e-05,19321.9,0.000579953
59300,4670.02,2.52953e-05,19329.1,0.000174709
59400,4683.62,2.52527e-05,19360.9,0.000820178
59500,4678.54,2.52102e-05,19403.1,0.00136732
59600,4697.03,2.51679e-05,19426.3,0.000576844
59700,4728.36,2.51258e-05,19499.2,0.00118975
59800,4696.51,2.50838e-05,19528,0.000177345
59900,4712.22,2.50419e-05,19484.6,0.000202492
60000,4746.55,2.50001e-05,19660.2,0.00117895
60100,4740.66,2.49585e-05,19594.4,0.00018591
60200,4728.63,2.49171e-05,19595.1,5.22414e-05
60300,4734.75,2.48758e-05,19693.9,0.00056056
60400,4747.98,2.48346e-05,19691.9,0.00139161
60500,4780.07,2.47935e-05,19792.3,0.000713831
60600,4812.86,2.47526e-05,20519.4,0.000373144
60700,4765.85,2.47118e-05,19798.2,0.000897158
60800,4775.26,2.46712e-05,19894.9,0.000234864
60900,4793.67,2.46307e-05,19833.2,0.000657058
61000,4793.66,2.45903e-05,19902,0.000104787
61100,4806.73,2.45501e-05,19935,0.000650654
61200,4829.08,2.45099e-05,19964.9,0.00154086
61300,4816.07,2.447e-05,20002.8,0.000133503
61400,4852.48,2.44301e-05,20052.3,0.000223065
61500,4848.65,2.43904e-05,20064,0.000360363
61600,4840.41,2.43508e-05,20082.1,0.000524759
61700,4930.54,2.43113e-05,20835.9,0.000761113
61800,4872.29,2.4272e-05,20143.6,0.00099636
61900,4860.86,2.42328e-05,20190.9,0.000202138
62000,4864.07,2.41937e-05,20236.9,0.00112438
62100,4888.45,2.41547e-05,20239,0.000597727
62200,4876.86,2.41159e-05,20288.1,0.000294623
62300,4954.21,2.40772e-05,20383.2,0.000999766
62400,4901.48,2.40386e-05,20372.2,0.00158691
62500,4905.17,2.40001e-05,20400.7,0.000425354
62600,4952.47,2.39618e-05,20436.7,0.000457874
62700,4929.54,2.39236e-05,20448.8,0.00101701
62800,4947.37,2.38855e-05,20489,0.000380557
62900,4948.85,2.38475e-05,20516,0.000402971
63000,4957.47,2.38096e-05,20515.8,0.000625461
63100,4961.25,2.37719e-05,20574.1,0.000741473
63200,4999.91,2.37343e-05,20605.8,0.000225272
63300,5032.26,2.36968e-05,20741.2,0.000518459
63400,5004.33,2.36594e-05,20701.5,0.00112108
63500,4997.87,2.36222e-05,20706,0.000309999
63600,4992.18,2.3585e-05,20730.8,0.000257817
63700,5009.91,2.3548e-05,20779.5,0.000511554
63800,5017.28,2.35111e-05,20829.9,0.00170872
63900,5031.74,2.34743e-05,20791.2,0.0012993
64000,5033.85,2.34376e-05,20841.8,0.00054902
64100,5042.24,2.34011e-05,20902.6,0.000844775
64200,5081.96,2.33646e-05,20954.8,5.81578e-05
64300,5055.08,2.33283e-05,21014.5,0.000355109
64400,5070.03,2.3292e-05,21068.4,0.000724354
64500,5110.57,2.32559e-05,21039,0.00122456
64600,5086.6,2.32199e-05,21083.3,0.000719469
64700,5090.55,2.3184e-05,21113.3,0.000253059
64800,5101.48,2.31483e-05,21124.6,0.00218596
64900,5149.18,2.31126e-05,21203.6,0.00101167
65000,5408.86,2.3077e-05,21209.8,0.000124362
65100,5117.18,2.30416e-05,21240.8,0.00249515
65200,5127.54,2.30063e-05,21226.8,0.000161249
65300,5140.87,2.2971e-05,21295.3,0.000302782
65400,5146.04,2.29359e-05,21324.6,0.000311839
65500,5155.92,2.29009e-05,21362.2,0.000424732
65600,5183.26,2.2866e-05,21440.6,0.000550941
65700,5174.16,2.28312e-05,21414,0.000772152
65800,5212.17,2.27965e-05,21517.6,0.000624009
65900,5214.63,2.27619e-05,21601.4,7.31583e-05
66000,5200.24,2.27274e-05,21547.5,0.000746585
66100,5200.18,2.2693e-05,21580.7,0.000163782
66200,5217.94,2.26587e-05,21618.5,0.000422582
66300,5234.88,2.26245e-05,21640.2,0.00211935
66400,5226.69,2.25905e-05,21682.9,0.00109328
66500,5235.27,2.25565e-05,21724,0.000579336
66600,5252.32,2.25226e-05,21735.3,0.00110731
66700,5285.48,2.24889e-05,21808,0.00103774
66800,5261.33,2.24552e-05,21828.2,0.000204583
66900,5260.26,2.24216e-05,21803.5,0.000419961
67000,5263.21,2.23882e-05,21886.7,0.000289409
67100,5343.24,2.23548e-05,22230,0.000707816
67200,5294.19,2.23215e-05,21906.9,0.00122405
67300,5298.22,2.22884e-05,21955.2,0.00123526
67400,5347.54,2.22553e-05,22081.2,0.000222751
67500,5309.57,2.22223e-05,22025.3,0.000114764
67600,5320.56,2.21895e-05,22055,0.000381589
67700,5330.96,2.21567e-05,22121.2,0.00176294
67800,5353.87,2.2124e-05,22121.5,0.000871165
67900,5368.1,2.20914e-05,22147,0.0010925
68000,5373.97,2.20589e-05,22235.5,0.000921154
68100,5383.74,2.20265e-05,22296.1,0.00034429
68200,5353.16,2.19942e-05,22274.8,0.00115225
68300,5381.49,2.1962e-05,22274.3,0.000663491
68400,5378.89,2.19299e-05,22516.9,0.000395306
68500,5383.44,2.18979e-05,22338.2,0.000228955
68600,5412.53,2.1866e-05,22368.7,0.000311068
68700,5443.79,2.18342e-05,22443.7,3.02484e-05
68800,5412.08,2.18024e-05,22436.3,0.000358708
68900,5440.78,2.17708e-05,22431,0.00192196
69000,5431.38,2.17392e-05,22500.7,0.000667201
69100,5424.81,2.17078e-05,22544.9,0.00104659
69200,5486.55,2.16764e-05,22617.1,0.00017043
69300,5463.54,2.16451e-05,22723.2,0.000413725
69400,5461.69,2.16139e-05,22657.2,0.000742205
69500,5482.85,2.15828e-05,22777.9,0.000251857
69600,5481.74,2.15518e-05,22736.1,0.00102589
69700,5503.62,2.15209e-05,22696.1,0.000543267
69800,5497.21,2.14901e-05,22806.3,0.000491466
69900,5523.64,2.14593e-05,22788,0.000107017
70000,5533.99,2.14287e-05,22848.9,0.000708296
70100,5546.58,2.13981e-05,22840.2,0.00123711
70200,5518.09,2.13676e-05,22880.3,0.000806558
70300,5547.37,2.13372e-05,22938.5,0.00209107
70400,5582.19,2.13069e-05,22970.2,0.00119026
70500,5554.11,2.12767e-05,23005.3,0.000345948
70600,5846.57,2.12466e-05,23187.1,0.000915199
70700,5566.81,2.12165e-05,23075.7,0.00126353
70800,5547.13,2.11865e-05,23125,0.000842325
70900,5582.06,2.11567e-05,23103.1,0.00051065
71000,5587.66,2.11269e-05,23149.3,0.000531329
71100,5582.11,2.10971e-05,23210.3,0.000887815
71200,5633.39,2.10675e-05,23233.5,0.000201982
71300,5639.26,2.1038e-05,23238.6,0.000935984
71400,5632.99,2.10085e-05,23291.8,0.000402595
71500,5655.61,2.09791e-05,23354.2,0.000543107
71600,5623.63,2.09498e-05,23305.2,0.000397016
71700,5643.67,2.09206e-05,23381,0.00096013
71800,5654.37,2.08915e-05,23483.7,0.000445791
71900,5637.17,2.08624e-05,23488.6,0.0013855
72000,5662.81,2.08334e-05,23574.3,0.000839268
72100,5667.62,2.08045e-05,23488,0.00110439
72200,5669.92,2.07757e-05,23530.1,0.000277829
72300,5698.06,2.0747e-05,23539.3,0.000740408
72400,5729.52,2.07183e-05,23628.2,0.00019022
72500,5723.01,2.06898e-05,23724.4,0.00157228
72600,5745.05,2.06613e-05,23730.9,0.000702476
72700,5706.05,2.06328e-05,23686.6,0.000523399
72800,5723.3,2.06045e-05,23792.6,0.000606446
72900,5737.73,2.05762e-05,23806.6,0.0008504
73000,5753.79,2.0548e-05,23766.4,0.000456954
73100,5781.59,2.05199e-05,23938.9,0.00174181
73200,5789.02,2.04919e-05,23880,0.000128432
73300,5782.49,2.04639e-05,23921.8,0.00114848
73400,5800.66,2.04361e-05,23953.5,0.000691267
73500,5788.29,2.04083e-05,23976.7,0.00192364
73600,5779.12,2.03805e-05,23986.1,0.000320948
73700,5864.16,2.03529e-05,24015.5,0.000818651
73800,5818.28,2.03253e-05,24002.7,0.000362278
73900,5800.07,2.02978e-05,24143.6,0.000502728
74000,5841.74,2.02704e-05,24141.1,0.000192581
74100,5850.43,2.0243e-05,24274.1,7.50801e-05
74200,5882.52,2.02157e-05,24232.3,0.000398273
74300,5847.48,2.01885e-05,24230.1,0.000383079
74400,5881.55,2.01614e-05,24293.6,0.000695972
74500,5867.28,2.01343e-05,24257.3,0.000415514
74600,5860.81,2.01073e-05,24355.5,0.000909134
74700,5942.32,2.00804e-05,24470.3,0.000453108
74800,5892.37,2.00536e-05,24378.2,0.000859271
74900,5935.82,2.00268e-05,24443.2,0.000482805
75000,5908,2.00001e-05,24453,0.000203806
75100,5893.3,1.99735e-05,24509.3,0.000858854
75200,5933.57,1.99469e-05,24557.1,0.000300347
75300,5927.85,1.99204e-05,24592.7,0.00170798
75400,5931.33,1.9894e-05,24616.5,0.000127555
75500,5978.77,1.98676e-05,24670.6,0.000322274
75600,5977.35,1.98414e-05,24853.9,0.000867991
75700,5975.06,1.98151e-05,24714.5,0.000319775
75800,6228.62,1.9789e-05,24646.7,0.000713352
75900,5984.19,1.97629e-05,24847.3,0.00128238
76000,5968.59,1.97369e-05,24854.4,0.000135686
76100,6023.12,1.9711e-05,24846.3,0.000591986
76200,5981.93,1.96851e-05,24858.3,0.000606435
76300,6008.39,1.96593e-05,24901,0.000571844
76400,5925.19,1.96336e-05,25138.1,0.000456231
76500,6059.79,1.96079e-05,24931.6,0.000178169
76600,6043.32,1.95823e-05,25033.6,0.000615459
76700,6043.55,1.95568e-05,25098.9,0.000515171
76800,6074.33,1.95313e-05,25120.2,0.000489805
76900,6146.52,1.95059e-05,25183.3,0.00145535
77000,6085.11,1.94806e-05,25112.2,0.000149619
77100,6064.06,1.94553e-05,25281.1,0.00046241
77200,6303.85,1.94301e-05,25372.8,0.000350488
77300,6134.39,1.9405e-05,25244.9,0.00124067
77400,6127.97,1.93799e-05,25283,0.000212681
77500,6118.1,1.93549e-05,25225.4,0.000302137
77600,6107.63,1.933e-05,25294.4,0.00141879
77700,6103.09,1.93051e-05,25405.7,0.000329063
77800,6120.82,1.92803e-05,25441.7,0.000489984
77900,6117.6,1.92555e-05,25496.5,0.000149825
78000,6312.88,1.92309e-05,25809.9,0.000294496
78100,6197.07,1.92062e-05,25450.7,0.000217007
78200,6166.18,1.91817e-05,25527.2,0.000825101
78300,6137.54,1.91572e-05,25735.6,0.00176832
78400,6214.73,1.91327e-05,25605.1,0.000741916
78500,6170.71,1.91084e-05,25690.5,0.000476543
78600,6167.8,1.90841e-05,25638.9,0.000509627
78700,6198.34,1.90598e-05,25661,0.00114298
78800,6206.19,1.90356e-05,25691.7,0.000705908
78900,6217.78,1.90115e-05,25785.3,0.000679107
79000,6253.29,1.89874e-05,25856.2,0.000701672
79100,6203.39,1.89634e-05,25763.8,0.00127752
79200,6244.98,1.89395e-05,25870.3,0.00107272
79300,6249.1,1.89156e-05,25889.9,0.00140664
79400,6253.91,1.88918e-05,25949.8,0.000303668
79500,6394.24,1.8868e-05,26013.5,0.000470592
79600,6273.7,1.88443e-05,25932.5,0.000727561
79700,6316.83,1.88207e-05,26398.7,0.000697631
79800,6307.97,1.87971e-05,26024.5,0.000509957
79900,6307.93,1.87735e-05,26119.6,0.000554888
80000,6365.99,1.87501e-05,26178.3,0.000731672
80100,6322.38,1.87267e-05,26134.8,0.000275698
80200,6334.93,1.87033e-05,26214.6,0.000852482
80300,6305.83,1.868e-05,26246.4,0.00136879
80400,6314.89,1.86568e-05,26311,0.00124397
80500,6348.37,1.86336e-05,26297.6,0.00040159
80600,6357.12,1.86105e-05,26305.9,6.07858e-05
80700,6362.49,1.85874e-05,26393.5,0.000808403
80800,6264.26,1.85644e-05,26356.2,0.00034698
80900,6391.8,1.85415e-05,26465.3,0.000576366
81000,6400.05,1.85186e-05,26405.5,0.00202746
81100,6417.04,1.84958e-05,26474.5,4.08733e-05
81200,6434.59,1.8473e-05,26512.8,0.000124192
81300,6424.8,1.84503e-05,26531.6,0.000374723
81400,6424.97,1.84276e-05,26598.1,0.000294535
81500,6420.08,1.8405e-05,26580.5,0.000301275
81600,6438.71,1.83824e-05,26649.1,0.000839736
81700,6443.66,1.83599e-05,26649.8,0.000336897
81800,6574,1.83375e-05,26773.9,0.000324643
81900,6499.25,1.83151e-05,26853.7,0.000616471
82000,6462.16,1.82928e-05,26798.9,0.000498124
82100,6473.64,1.82705e-05,26777.5,0.00126008
82200,6466.6,1.82482e-05,26855,0.000402539
82300,6492.77,1.82261e-05,26901.3,0.000514687
82400,6474.44,1.8204e-05,26836.3,0.000439827
82500,6506.49,1.81819e-05,26897.3,0.000681376
82600,6526.75,1.81599e-05,26930.2,0.000492114
82700,6507.4,1.81379e-05,27083.2,0.000767617
82800,6536.44,1.8116e-05,27047.5,0.00102994
82900,6550.93,1.80942e-05,27133.3,0.00136703
83000,6604.4,1.80724e-05,27092.6,0.00158064
83100,6567.5,1.80506e-05,27394,0.000455867
83200,6578.49,1.80289e-05,27248.6,0.00014023
83300,6571.35,1.80073e-05,27178.8,0.000317545
83400,6597.16,1.79857e-05,27260.3,0.00119853
83500,6587.07,1.79641e-05,27267.8,0.00121585
83600,6621.09,1.79427e-05,27411,0.000617207
83700,6762.63,1.79212e-05,27576.7,0.000335037
83800,6607.63,1.78998e-05,27405.4,0.000418649
83900,6649.22,1.78785e-05,27500.2,0.000182319
84000,6620.55,1.78572e-05,27574.6,0.00104046
84100,6626.02,1.7836e-05,27504,0.0011793
84200,6652.66,1.78148e-05,27564.9,0.000606754
84300,6674.91,1.77937e-05,27564.8,0.000736647
84400,6685.88,1.77726e-05,27607.5,0.000351084
84500,6675.41,1.77515e-05,27673.8,0.000223104
84600,6725.7,1.77306e-05,27723.2,0.000319048
84700,6694.14,1.77096e-05,27727.3,0.00113858
84800,6699.57,1.76887e-05,27713.3,2.77959e-05
84900,6715.33,1.76679e-05,27818.4,0.000314185
85000,6687.46,1.76471e-05,27872.2,0.00104438
85100,6719.84,1.76264e-05,27873.8,0.000410868
85200,6699.78,1.76057e-05,27928.2,0.000701089
85300,6696.49,1.75851e-05,27909.3,0.000352871
85400,6752.5,1.75645e-05,27949.7,0.000925657
85500,6741.03,1.75439e-05,28028.4,7.56725e-05
85600,6761.52,1.75234e-05,27992.7,0.000234389
85700,6793.96,1.7503e-05,28032.9,0.000268132
85800,6833.61,1.74826e-05,28052.2,0.000264139
85900,6795.92,1.74622e-05,28155.4,0.000662497
86000,6778.74,1.74419e-05,28140.5,0.000399664
86100,6793.34,1.74217e-05,28230.4,0.00155948
86200,6816.69,1.74015e-05,28192,0.000106821
86300,6809.71,1.73813e-05,28246.6,0.000129845
86400,6827.04,1.73612e-05,28304.1,0.000328436
86500,6884.79,1.73411e-05,28420.5,0.00110761
86600,6893.67,1.73211e-05,28361.8,0.000319947
86700,6850.98,1.73011e-05,28418.7,0.000844426
86800,6880.01,1.72812e-05,28457.3,0.00115384
86900,6850.23,1.72613e-05,28438.8,0.000358319
87000,6914.03,1.72414e-05,28911.8,0.000394704
87100,6905.16,1.72217e-05,28474.2,0.000115553
87200,7081.83,1.72019e-05,29712.6,0.000667783
87300,7019.28,1.71822e-05,28860.4,0.000366206
87400,6922.33,1.71625e-05,28591.9,0.00110643
87500,6950.92,1.71429e-05,28651.1,8.06246e-05
87600,6945.06,1.71234e-05,28665.5,0.000143815
87700,6959.7,1.71038e-05,28742.5,0.00146788
87800,6957.51,1.70843e-05,28877.1,0.0011133
87900,6930.91,1.70649e-05,28712.7,0.000290143
88000,6993.6,1.70455e-05,28817.4,0.000272742
88100,6955.43,1.70262e-05,28850.8,0.00112894
88200,6999.95,1.70069e-05,28852.1,0.000398605
88300,6978.65,1.69876e-05,28917.1,0.0013074
88400,6995,1.69684e-05,28936.4,0.000636998
88500,7003.93,1.69492e-05,28981.4,0.000659085
88600,7011.92,1.69301e-05,29072.1,0.000399924
88700,6989.38,1.6911e-05,29048.5,0.000156387
88800,7035.03,1.6892e-05,29038.9,0.000324337
88900,7025.22,1.6873e-05,29259.6,7.88999e-05
89000,7011.09,1.6854e-05,29122.2,0.0010277
89100,7014.38,1.68351e-05,29135.2,0.00105731
89200,7092.7,1.68162e-05,29137.5,0.0006533
89300,7097.24,1.67974e-05,29183,0.00103342
89400,7062.24,1.67786e-05,29237.7,0.000757449
89500,7076.08,1.67598e-05,29155.9,0.00134641
89600,7054.95,1.67411e-05,29373,0.000923696
89700,7093.28,1.67225e-05,29421.9,0.000430666
89800,7130.46,1.67038e-05,29462.9,0.000103657
89900,6989.93,1.66853e-05,29214.9,0.00122115
90000,7146.57,1.66667e-05,29141.1,0.000389049
90100,7098.54,1.66482e-05,29557.1,0.000734992
90200,7137.23,1.66298e-05,29526.8,0.00133541
90300,7176.38,1.66114e-05,29534.1,0.000252207
90400,7182.72,1.6593e-05,29693.4,0.000399077
90500,7144.17,1.65746e-05,29520.6,0.00138312
90600,7048.09,1.65564e-05,29422.1,0.000661074
90700,7145.55,1.65381e-05,29636.7,0.00118228
90800,7177.49,1.65199e-05,29709.3,0.000721563
90900,7189.54,1.65017e-05,29842.2,0.000649749
91000,7165.37,1.64836e-05,29838.1,0.00111928
91100,6674.3,1.64655e-05,29869.9,0.00213562
91200,7191.98,1.64474e-05,29834.7,7.07522e-05
91300,7224.72,1.64294e-05,29904.3,0.000967494
91400,7228.68,1.64114e-05,29946.4,0.000397011
91500,7211.83,1.63935e-05,29772.3,0.000913515
91600,7218.6,1.63756e-05,29780,0.000471274
91700,7301.44,1.63577e-05,30056,0.000348311
91800,7241.85,1.63399e-05,30034.2,0.000402018
91900,7194.22,1.63221e-05,29990,0.00111021
92000,7289,1.63044e-05,29877.5,0.000283972
92100,6866.89,1.62867e-05,29170.1,0.000383097
92200,7320.57,1.6269e-05,30146.2,0.000294117
92300,7249.3,1.62514e-05,29583.5,0.000219585
92400,7034.33,1.62338e-05,29053.3,0.000926874
92500,7290.32,1.62163e-05,28727.4,0.00064813
92600,7345.99,1.61988e-05,30387.3,0.00097842
92700,7298.87,1.61813e-05,30404.2,0.00123099
92800,7343.96,1.61639e-05,30256.2,0.000344047
92900,7336.98,1.61465e-05,30392.1,0.000150344
93000,7339.35,1.61291e-05,30256.3,0.00081367
93100,7413.09,1.61118e-05,30395,0.00119071
93200,5898.17,1.60945e-05,24854.8,0.000444848
93300,7382.5,1.60772e-05,30287.4,0.000351036
93400,6309.52,1.606e-05,28831.9,0.000368171
93500,7390.09,1.60428e-05,29627.2,0.000434293
93600,7382.77,1.60257e-05,30346.8,0.000530304
93700,7396.6,1.60086e-05,30360.6,8.36779e-05
93800,7306.5,1.59915e-05,30467.1,0.00057681
93900,7401.94,1.59745e-05,30119.3,0.00115983
94000,7370.35,1.59575e-05,30695,0.000480151
94100,7385.54,1.59405e-05,30616,0.000953323
94200,7437.21,1.59236e-05,30631.8,0.000573219
94300,7345.06,1.59067e-05,30654.5,0.00148778
94400,7623.86,1.58899e-05,30518.3,0.000828278
94500,7528.03,1.58731e-05,30666.8,0.000826297
94600,7187.62,1.58563e-05,28174.9,0.000903839
94700,6932.52,1.58395e-05,30431.8,0.000284113
94800,7250.68,1.58228e-05,30150.7,0.00147218
94900,6977.03,1.58062e-05,30268.7,0.000403197
95000,7361.29,1.57895e-05,30206.6,0.000945536
95100,7372.34,1.57729e-05,29429.1,0.000785118
95200,6393.62,1.57564e-05,27018.9,0.00027023
95300,7161.37,1.57398e-05,29118.1,0.000320381
95400,7488.91,1.57233e-05,30130.6,0.00125719
95500,6715.46,1.57069e-05,28167.1,0.000942777
95600,6317.2,1.56904e-05,28209.9,0.000692411
95700,5676.86,1.5674e-05,24795.5,0.00121704
95800,7061.29,1.56577e-05,27688,0.000331049
95900,7648.22,1.56413e-05,29761.1,7.21625e-05
96000,7646.58,1.56251e-05,29606.2,0.000777001
96100,6771.66,1.56088e-05,27418.9,0.000129833
96200,6065.39,1.55926e-05,27059.5,0.000507789
96300,7097.38,1.55764e-05,29099.5,0.00114838
96400,6244.9,1.55602e-05,25832.2,0.000720509
96500,6303.93,1.55441e-05,27183.8,0.000335424
96600,6733.91,1.5528e-05,26744.7,0.00074035
96700,7023.91,1.55119e-05,28389.6,0.000504125
96800,7071.32,1.54959e-05,28577.1,0.00122156
96900,6528.06,1.54799e-05,28217.7,0.00114232
97000,7653.01,1.5464e-05,28054,0.00105115
97100,6131.15,1.5448e-05,25848.2,0.000341186
97200,5992.42,1.54322e-05,25547.5,0.000249982
97300,6039.78,1.54163e-05,25936.1,0.000247913
97400,7155.84,1.54005e-05,28167.8,0.000373767
97500,5967.85,1.53847e-05,25434.3,0.000792734
97600,6304.15,1.53689e-05,25722.1,0.000408737
97700,7549.21,1.53532e-05,28252.3,0.000653435
97800,5884.14,1.53375e-05,25219.4,0.000380358
97900,5965.88,1.53218e-05,26404,6.89765e-05
98000,7116.69,1.53062e-05,24533.8,0.000987445
98100,6009.37,1.52906e-05,26133.5,0.000855674
98200,7151.32,1.5275e-05,28347.2,0.000390368
98300,6957.93,1.52595e-05,27153.9,0.000873397
98400,5526,1.5244e-05,25735.1,0.000962973
98500,5691.32,1.52285e-05,26082.3,0.000361947
98600,6055.54,1.5213e-05,25245.1,0.00103942
98700,6015.92,1.51976e-05,24927.2,0.00013704
98800,6011.22,1.51822e-05,25598,0.000962313
98900,6828.13,1.51669e-05,27399.5,0.000472056
99000,5818.73,1.51516e-05,25349.2,0.000528757
99100,6714.67,1.51363e-05,25961.3,0.000936005
99200,5987.06,1.5121e-05,25099.1,0.000732965
99300,5862.84,1.51058e-05,25679,0.000670413
99400,6123.91,1.50906e-05,24918,0.00043484
99500,5851.77,1.50754e-05,24405.5,0.000856089
99600,6018.16,1.50603e-05,24685.7,0.000560797
99700,5501.29,1.50452e-05,24986.9,0.00206935
99800,5518.82,1.50301e-05,24779.4,0.00141914
99900,5653.79,1.50151e-05,24576.1,0.000604615
100000,5671.2,1.50001e-05,24935.8,0.000469663
